"x","mean","std","leftright"
1.0,0.7792838180926838,0.8057848692384862,"left"
1.059059059059059,0.7490808223985885,0.7999467961629296,"left"
1.1181181181181181,0.7188507380176707,0.794155211931371,"left"
1.177177177177177,0.6885942224262349,0.7884102662203303,"left"
1.2362362362362362,0.6583119340914516,0.7827121072689233,"left"
1.2952952952952952,0.628004532440106,0.7770608818025525,"left"
1.3543543543543544,0.5976726778286929,0.7714567349550518,"left"
1.4134134134134133,0.5673170315135776,0.7658998101865526,"left"
1.4724724724724725,0.536938255619904,0.7603902491988039,"left"
1.5315315315315314,0.5065370131113847,0.7549281918468296,"left"
1.5905905905905906,0.47611396776000436,0.7495137760488022,"left"
1.6496496496496496,0.4456697841143784,0.7441471376900507,"left"
1.7087087087087087,0.4152051274710198,0.7388284105273305,"left"
1.7677677677677677,0.38472066384172354,0.733557726086336,"left"
1.8268268268268268,0.3542170599237773,0.7283352135583203,"left"
1.8858858858858858,0.32369498306932254,0.7231609996922123,"left"
1.944944944944945,0.2931551012540945,0.7180352086842031,"left"
2.004004004004004,0.26259808304679577,0.7129579620623355,"left"
2.063063063063063,0.2320245975782962,0.7079293785705054,"left"
2.1221221221221223,0.20143531451005448,0.7029495740464539,"left"
2.181181181181181,0.17083090400423462,0.6980186612976776,"left"
2.24024024024024,0.14021203669214,0.6931367499743297,"left"
2.299299299299299,0.10957938364260489,0.6883039464376866,"left"
2.3583583583583585,0.07893361633232399,0.6835203536270443,"left"
2.4174174174174174,0.04827540661322072,0.6787860709215435,"left"
2.4764764764764764,0.01760542668260623,0.6741011940010895,"left"
2.5355355355355353,-0.013075650948350948,0.6694658147019347,"left"
2.5945945945945947,-0.04376715348625293,0.6648800208710638,"left"
2.6536536536536537,-0.07446840788609688,0.6603438962173249,"left"
2.7127127127127126,-0.10517874088256729,0.6558575201589768,"left"
2.7717717717717716,-0.1358974790212466,0.6514209676698984,"left"
2.830830830830831,-0.1666239486893515,0.6470343091225643,"left"
2.88988988988989,-0.1973574761482988,0.6426976101288756,"left"
2.948948948948949,-0.22809738756352171,0.6384109313786525,"left"
3.008008008008008,-0.2588430090362115,0.634174328477036,"left"
3.067067067067067,-0.2895936666341177,0.6299878517784187,"left"
3.126126126126126,-0.32034868642442493,0.6258515462203218,"left"
3.185185185185185,-0.3511073945023133,0.6217654511555519,"left"
3.244244244244244,-0.3818691170244817,0.6177296001824018,"left"
3.3033033033033035,-0.4126331802393741,0.6137440209751717,"left"
3.3623623623623624,-0.44339891051794655,0.6098087351131046,"left"
3.4214214214214214,-0.4741656343864227,0.6059237579096206,"left"
3.4804804804804803,-0.504932678555849,0.602089098241158,"left"
3.5395395395395397,-0.535699369953897,0.5983047583758277,"left"
3.5985985985985987,-0.566465035756111,0.5945707338036265,"left"
3.6576576576576576,-0.597229003417616,0.5908870130669227,"left"
3.7167167167167166,-0.6279906007025078,0.587253577592199,"left"
3.775775775775776,-0.6587491557172092,0.5836704015233196,"left"
3.834834834834835,-0.6895039969398296,0.5801374515566382,"left"
3.893893893893894,-0.7202544532518624,0.5766546867794505,"left"
3.952952952952953,-0.7509998539692946,0.5732220585092827,"left"
4.012012012012012,-0.781739528873671,0.5698395101381448,"left"
4.071071071071071,-0.8124728082426662,0.5665069769788815,"left"
4.13013013013013,-0.8431990228811328,0.5632243861165273,"left"
4.1891891891891895,-0.8739175041526854,0.559991656262853,"left"
4.248248248248248,-0.9046275840094458,0.5568086976167347,"left"
4.307307307307307,-0.9353285950238552,0.5536754117291735,"left"
4.366366366366367,-0.9660198704186653,0.5505916913733805,"left"
4.425425425425425,-0.9967007440984714,0.547557420422454,"left"
4.484484484484485,-1.0273705506799802,0.5445724737308204,"left"
4.543543543543543,-1.0580286255220637,0.541636717025903,"left"
4.602602602602603,-1.0886743047580252,0.5387500068034614,"left"
4.661661661661662,-1.1193069253242784,0.5359121902338786,"left"
4.7207207207207205,-1.1499258249920574,0.5331231050739015,"left"
4.77977977977978,-1.1805303423977138,0.5303825795882863,"left"
4.838838838838839,-1.2111198170723805,0.5276904324796297,"left"
4.897897897897898,-1.2416935894729937,0.525046472827409,"left"
4.956956956956957,-1.272251001012493,0.5224505000371973,"left"
5.016016016016016,-1.3027913940898523,0.5199023037984961,"left"
5.075075075075075,-1.333314112120438,0.5174016640534116,"left"
5.134134134134134,-1.363818499565352,0.5149483509762824,"left"
5.193193193193193,-1.3943039019628456,0.5125421249619015,"left"
5.252252252252252,-1.4247696659566857,0.5101827366286658,"left"
5.311311311311312,-1.4552151393271986,0.5078699268273634,"left"
5.37037037037037,-1.4856396710201478,0.5056034266662559,"left"
5.42942942942943,-1.5160426111775136,0.5033829575448856,"left"
5.488488488488488,-1.5464233111659889,0.5012082311999907,"left"
5.5475475475475475,-1.5767811236070388,0.4990789497639459,"left"
5.606606606606607,-1.607115402406973,0.4969948058331669,"left"
5.665665665665665,-1.6374255027847662,0.4949554825511033,"left"
5.724724724724725,-1.6677107813034544,0.49296065369998354,"left"
5.783783783783784,-1.6979705958969786,0.49100998380634986,"left"
5.842842842842843,-1.7282043059016194,0.48910312825776514,"left"
5.901901901901902,-1.758411272083353,0.48723973343059707,"left"
5.960960960960961,-1.7885908566675761,0.4854194368299815,"left"
6.02002002002002,-1.8187424233678557,0.48364186724098474,"left"
6.079079079079079,-1.848865337414126,0.4819066448906032,"left"
6.138138138138138,-1.8789589655820107,0.48021338162014443,"left"
6.197197197197197,-1.9090226762215936,0.4785616810693649,"left"
6.256256256256257,-1.9390558392846176,0.4769511388706706,"left"
6.315315315315315,-1.9690578263540415,0.4753813428517818,"left"
6.374374374374375,-1.9990280106717977,0.4738518732502549,"left"
6.433433433433433,-2.028965767166535,0.4723623029356071,"left"
6.4924924924924925,-2.058870472482641,0.4709121976416054,"left"
6.551551551551552,-2.0887415050071985,0.46950111620468676,"left"
6.61061061061061,-2.1185782448977823,0.4681286108141559,"left"
6.66966966966967,-2.148380074111116,0.4667942272648479,"left"
6.728728728728728,-2.1781463764293596,0.4654975052222685,"left"
6.787787787787788,-2.2078765374886737,0.464237978488915,"left"
6.846846846846847,-2.2375699448051813,0.46301517528081887,"left"
6.905905905905906,-2.2672259878038767,0.46182861850689816,"left"
6.964964964964965,-2.2968440578442673,0.46067782605404145,"left"
7.024024024024024,-2.3264235482477877,0.459562311076825,"left"
7.083083083083083,-2.355963854324945,0.4584815822899727,"left"
7.142142142142142,-2.3854643734014624,0.4574351442654925,"left"
7.201201201201201,-2.414924504845076,0.45642249773003496,"left"
7.26026026026026,-2.4443436500920965,0.4554431398673618,"left"
7.31931931931932,-2.4737212126735626,0.45449656461974275,"left"
7.378378378378378,-2.503056598241142,0.45358226299125415,"left"
7.4374374374374375,-2.5323492145935793,0.4526997233516357,"left"
7.496496496496497,-2.561598471702541,0.45184843173917105,"left"
7.555555555555555,-2.5908037817376988,0.4510278721640275,"left"
7.614614614614615,-2.6199645590931633,0.45023752690902075,"left"
7.673673673673673,-2.6490802204123662,0.44947687682939225,"left"
7.732732732732733,-2.678150184613874,0.4487454016499244,"left"
7.791791791791792,-2.7071738729156296,0.44804258026008076,"left"
7.8508508508508505,-2.7361507088612287,0.44736789100468377,"left"
7.90990990990991,-2.765080118343824,0.4467208119721347,"left"
7.968968968968969,-2.7939615296308,0.44610082127748796,"left"
8.028028028028029,-2.8227943733891765,0.44550739734195605,"left"
8.087087087087086,-2.8515780827087633,0.44494001916759324,"left"
8.146146146146146,-2.8803120931278174,0.44439816660543807,"left"
8.205205205205205,-2.9089958426559805,0.4438813206198697,"left"
8.264264264264265,-2.9376287717985443,0.4433889635455287,"left"
8.323323323323324,-2.9662103235806248,0.4429205793390328,"left"
8.382382382382382,-2.9947399435699475,0.44247565382471127,"left"
8.441441441441441,-3.023217079901186,0.44205367493243014,"left"
8.5005005005005,-3.051641183298462,0.4416541329285627,"left"
8.55955955955956,-3.080011707098932,0.44127652064163364,"left"
8.618618618618619,-3.108328107275544,0.4409203336783929,"left"
8.677677677677679,-3.1365898424597463,0.44058507063507396,"left"
8.736736736736736,-3.1647963739644096,0.4402702332980231,"left"
8.795795795795796,-3.1929471658056263,0.4399753268392448,"left"
8.854854854854855,-3.221041684725546,0.43969986000410627,"left"
8.913913913913914,-3.249079400214291,0.43944334528890355,"left"
8.972972972972974,-3.27705978453172,0.43920529911353906,"left"
9.032032032032031,-3.30498231272938,0.4389852419845057,"left"
9.09109109109109,-3.332846462671534,0.43878269865140035,"left"
9.15015015015015,-3.3606517150573163,0.4385971982535142,"left"
9.20920920920921,-3.3883975534413606,0.438428274461464,"left"
9.268268268268269,-3.4160834642546893,0.43827546560882275,"left"
9.327327327327327,-3.4437089368261686,0.4381383148165595,"left"
9.386386386386386,-3.471273463402574,0.4380163701111888,"left"
9.445445445445445,-3.4987765391689676,0.43790918453350414,"left"
9.504504504504505,-3.526217662269679,0.43781631624107376,"left"
9.563563563563564,-3.5535963338275947,0.4377373286036687,"left"
9.622622622622623,-3.5809120579643414,0.43767179029026515,"left"
9.681681681681681,-3.608164341820136,0.43761927535052586,"left"
9.74074074074074,-3.635352695573009,0.437579363287946,"left"
9.7997997997998,-3.6624766324581257,0.4375516391276821,"left"
9.85885885885886,-3.6895356687872427,0.4375356934761176,"left"
9.917917917917919,-3.7165293239673955,0.4375311225766608,"left"
9.976976976976976,-3.743457120519353,0.4375375283558184,"left"
10.036036036036036,-3.7703185840965086,0.43755451846660126,"left"
10.095095095095095,-3.797113243502962,0.4375817063230226,"left"
10.154154154154154,-3.823840630712536,0.437618711131567,"left"
10.213213213213214,-3.8505002808846536,0.4376651579154428,"left"
10.272272272272271,-3.877091732384552,0.4377206775335564,"left"
10.33133133133133,-3.9036145267988642,0.4377849066962746,"left"
10.39039039039039,-3.9300682089540038,0.4378574879728864,"left"
10.44944944944945,-3.9564523269329426,0.43793806979681144,"left"
10.508508508508509,-3.9827664320922738,0.43802630646693774,"left"
10.567567567567568,-4.009010079078414,0.43812185814139804,"left"
10.626626626626626,-4.035182825844763,0.4382243908304117,"left"
10.685685685685685,-4.061284233667796,0.43833357638292436,"left"
10.744744744744745,-4.087313867162865,0.43844909247069946,"left"
10.803803803803804,-4.113271294300204,0.4385706225681285,"left"
10.862862862862864,-4.139156086420798,0.4386978559293156,"left"
10.921921921921921,-4.164967818251976,0.4388304875611859,"left"
10.98098098098098,-4.190706067921975,0.43896821819329407,"left"
11.04004004004004,-4.216370416975113,0.43911075424662216,"left"
11.0990990990991,-4.241960450387816,0.4392578077963221,"left"
11.158158158158159,-4.267475756581445,0.4394090965351204,"left"
11.217217217217216,-4.292915927437842,0.4395643437328031,"left"
11.276276276276276,-4.318280558312989,0.4397232781935871,"left"
11.335335335335335,-4.343569248051321,0.43988563421086835,"left"
11.394394394394395,-4.36878159899928,0.44005115152196705,"left"
11.453453453453454,-4.393917217018463,0.4402195752580696,"left"
11.512512512512513,-4.418975711499983,0.4403906558958411,"left"
11.571571571571571,-4.443956695376451,0.4405641492044973,"left"
11.63063063063063,-4.468859785135119,0.4407398161940223,"left"
11.68968968968969,-4.493684600831156,0.44091742306033477,"left"
11.74874874874875,-4.518430766099141,0.4410967411304156,"left"
11.807807807807809,-4.5430979081661205,0.4412775468055814,"left"
11.866866866866866,-4.5676856578628575,0.44145962150501966,"left"
11.925925925925926,-4.592193649636198,0.44164275160758504,"left"
11.984984984984985,-4.616621521560085,0.44182672839309606,"left"
12.044044044044044,-4.640968915347464,0.44201134798370095,"left"
12.103103103103104,-4.665235476360693,0.44219641128419096,"left"
12.162162162162161,-4.689420853622871,0.4423817239212478,"left"
12.22122122122122,-4.713524699828727,0.44256709618586254,"left"
12.28028028028028,-4.737546671354129,0.44275234297013155,"left"
12.33933933933934,-4.761486428267298,0.44293728370873403,"left"
12.398398398398399,-4.785343634337752,0.4431217423182812,"left"
12.457457457457457,-4.809117957047721,0.44330554713726866,"left"
12.516516516516516,-4.832809067599235,0.4434885308655194,"left"
12.575575575575575,-4.856416640925565,0.4436705305045248,"left"
12.634634634634635,-4.879940355699158,0.44385138729882934,"left"
12.693693693693694,-4.903379894341142,0.4440309466755663,"left"
12.752752752752754,-4.9267349430293,0.4442090581874924,"left"
12.811811811811811,-4.950005191706361,0.4443855754531322,"left"
12.87087087087087,-4.973190334089456,0.44456035610073286,"left"
12.92992992992993,-4.996290067675969,0.44473326171015115,"left"
12.98898898898899,-5.019304093753649,0.44490415775738,"left"
13.048048048048049,-5.042232117405715,0.44507291355858636,"left"
13.107107107107106,-5.065073847519463,0.44523940221553104,"left"
13.166166166166166,-5.087828996793909,0.44540350056181177,"left"
13.225225225225225,-5.110497281744137,0.4455650891091448,"left"
13.284284284284285,-5.13307842271064,0.4457240519957558,"left"
13.343343343343344,-5.155572143863821,0.44588027693499144,"left"
13.402402402402402,-5.177978173210682,0.4460336551654342,"left"
13.461461461461461,-5.200296242600904,0.4461840814001074,"left"
13.52052052052052,-5.222526087732013,0.446331453780414,"left"
13.57957957957958,-5.244667448155204,0.44647567382719716,"left"
13.63863863863864,-5.266720067280201,0.4466166463960457,"left"
13.697697697697699,-5.288683692380656,0.4467542796311285,"left"
13.756756756756756,-5.310558074598128,0.44688848492255456,"left"
13.815815815815816,-5.33234296894702,0.44701917686289766,"left"
13.874874874874875,-5.354038134319468,0.44714627320657374,"left"
13.933933933933934,-5.375643333488129,0.44726969482918716,"left"
13.992992992992994,-5.397158333110785,0.4473893656884647,"left"
14.052052052052051,-5.418582903733429,0.4475052127872467,"left"
14.11111111111111,-5.439916819794603,0.44761716613708225,"left"
14.17017017017017,-5.461159859627183,0.4477251587219631,"left"
14.22922922922923,-5.482311805462058,0.4478291264665679,"left"
14.288288288288289,-5.5033724434309965,0.44792900820224596,"left"
14.347347347347347,-5.524341563568291,0.44802474563630307,"left"
14.406406406406406,-5.545218959813552,0.44811628332346615,"left"
14.465465465465465,-5.566004430013398,0.4482035686354095,"left"
14.524524524524525,-5.586697775923704,0.44828655173568954,"left"
14.583583583583584,-5.60729880321044,0.4483651855535116,"left"
14.642642642642643,-5.627807321451269,0.44843942575925005,"left"
14.701701701701701,-5.648223144136769,0.44850923074239035,"left"
14.76076076076076,-5.668546088671181,0.44857456158964704,"left"
14.81981981981982,-5.688775976373019,0.4486353820649695,"left"
14.87887887887888,-5.70891263247491,0.448691658592169,"left"
14.937937937937939,-5.7289558861251,0.4487433602364762,"left"
14.996996996996996,-5.748905570385836,0.44879045868992756,"left"
15.056056056056056,-5.768761522234372,0.4488329282567634,"left"
15.115115115115115,-5.788523582561591,0.44887074584134296,"left"
15.174174174174174,-5.8081915961717945,0.4489038909361069,"left"
15.233233233233234,-5.827765411781271,0.4489323456126758,"left"
15.292292292292291,-5.8472448820176295,0.4489560945134902,"left"
15.35135135135135,-5.866629863418193,0.44897512484432484,"left"
15.41041041041041,-5.88592021642807,0.4489894263696097,"left"
15.46946946946947,-5.90511580539916,0.4489989914091656,"left"
15.528528528528529,-5.924216498586834,0.4490038148346298,"left"
15.587587587587588,-5.943222168148709,0.4490038940691337,"left"
15.646646646646646,-5.962132690142114,0.44899922908815987,"left"
15.705705705705705,-5.980947944520422,0.44898982242194224,"left"
15.764764764764765,-5.999667815130981,0.4489756791584303,"left"
15.823823823823824,-6.018292189711814,0.4489568069483352,"left"
15.882882882882884,-6.036820959888185,0.4489332160123384,"left"
15.941941941941941,-6.055254021168948,0.4489049191486903,"left"
16.001001001001,-6.073591272942216,0.4488719317431455,"left"
16.06006006006006,-6.091832618472604,0.44883427177993723,"left"
16.11911911911912,-6.109977964896129,0.4487919598533313,"left"
16.17817817817818,-6.128027223215514,0.4487450191830687,"left"
16.237237237237238,-6.145980308296333,0.44869347562932627,"left"
16.296296296296298,-6.1638371388614255,0.4486373577090962,"left"
16.355355355355357,-6.181597637486466,0.4485766966151375,"left"
16.414414414414413,-6.199261730593819,0.4485115262359333,"left"
16.473473473473472,-6.2168293484478125,0.4484418831766834,"left"
16.53253253253253,-6.234300425148855,0.4483678067820425,"left"
16.59159159159159,-6.251674898626923,0.44828933916076413,"left"
16.65065065065065,-6.268952710636349,0.44820652521143717,"left"
16.70970970970971,-6.2861338067487535,0.44811941264823657,"left"
16.76876876876877,-6.303218136346927,0.4480280520313613,"left"
16.82782782782783,-6.320205652617692,0.44793249679583225,"left"
16.886886886886888,-6.337096312545291,0.4478328032830052,"left"
16.945945945945947,-6.353890076904201,0.4477290307734323,"left"
17.005005005005007,-6.370586910251606,0.44762124152075045,"left"
17.064064064064063,-6.3871867809197935,0.4475095007875905,"left"
17.123123123123122,-6.403689661008612,0.44739387688148674,"left"
17.18218218218218,-6.420095526377291,0.4472744411945897,"left"
17.24124124124124,-6.436404356636687,0.44715126824128515,"left"
17.3003003003003,-6.452616135140301,0.4470244357009689,"left"
17.35935935935936,-6.468730848976214,0.446894024458741,"left"
17.41841841841842,-6.48474848895779,0.44676011864917364,"left"
17.47747747747748,-6.50066904961577,0.44662280570080537,"left"
17.536536536536538,-6.516492529187993,0.44648217638291005,"left"
17.595595595595597,-6.532218929610569,0.4463383248514882,"left"
17.654654654654653,-6.547848256508293,0.4461913486977442,"left"
17.713713713713712,-6.563380519185457,0.4460413489979047,"left"
17.772772772772772,-6.578815730614704,0.4458884303636463,"left"
17.83183183183183,-6.594153907428013,0.44573270099387785,"left"
17.89089089089089,-6.609395069906106,0.44557427272698125,"left"
17.94994994994995,-6.624539241967738,0.4454132610950204,"left"
18.00900900900901,-6.639586451159729,0.44524978537844506,"left"
18.06806806806807,-6.65453672864508,0.4450839686620142,"left"
18.127127127127128,-6.669390109192901,0.44491593789092343,"left"
18.186186186186188,-6.6841466311665,0.44474582392929446,"left"
18.245245245245247,-6.698806336512635,0.44457376161716494,"left"
18.304304304304303,-6.713369270749788,0.4443998898315512,"left"
18.363363363363362,-6.727835482955878,0.44422435154498463,"left"
18.42242242242242,-6.742205025756873,0.4440472938864677,"left"
18.48148148148148,-6.756477955314483,0.44386886820345406,"left"
18.54054054054054,-6.77065433131436,0.44368923012295397,"left"
18.5995995995996,-6.784734216952875,0.4435085396137348,"left"
18.65865865865866,-6.798717678925214,0.4433269610511411,"left"
18.71771771771772,-6.812604787411906,0.4431446632773385,"left"
18.776776776776778,-6.826395616066724,0.4429618196677569,"left"
18.835835835835837,-6.840090242002872,0.44277860819347226,"left"
18.894894894894893,-6.853688745779752,0.44259521148513553,"left"
18.953953953953953,-6.867191211389941,0.44241181689863235,"left"
19.013013013013012,-6.88059772624517,0.4422286165770597,"left"
19.07207207207207,-6.8939083811628725,0.44204580751712147,"left"
19.13113113113113,-6.90712327035173,0.4418635916311807,"left"
19.19019019019019,-6.920242491397796,0.44168217581236147,"left"
19.24924924924925,-6.9332661452508235,0.4415017719971709,"left"
19.30830830830831,-6.946194336209026,0.44132259722873846,"left"
19.36736736736737,-6.959027171904736,0.44114487371878247,"left"
19.426426426426428,-6.971764763290207,0.4409688289099319,"left"
19.485485485485487,-6.984407224621401,0.44079469553577844,"left"
19.544544544544543,-6.99695467344486,0.4406227116816002,"left"
19.603603603603602,-7.009407230580561,0.44045312084323623,"left"
19.66266266266266,-7.021765020107924,0.4402861719845147,"left"
19.72172172172172,-7.034028169350093,0.44012211959363634,"left"
19.78078078078078,-7.046196808857604,0.43996122373871793,"left"
19.83983983983984,-7.058271072393331,0.4398037501212262,"left"
19.8988988988989,-7.070251096916404,0.4396499701276738,"left"
19.95795795795796,-7.08213702256609,0.4395001608790905,"left"
20.017017017017018,-7.093928992645389,0.4393546052795532,"left"
20.076076076076077,-7.1056271536049715,0.4392135920612444,"left"
20.135135135135137,-7.117231655026548,0.4390774158285273,"left"
20.194194194194193,-7.128742649606273,0.4389463770974438,"left"
20.253253253253252,-7.140160293138163,0.43882078233567573,"left"
20.31231231231231,-7.151484744497057,0.43870094399596726,"left"
20.37137137137137,-7.162716165621009,0.4385871805493363,"left"
20.43043043043043,-7.173854721495704,0.43847981651323414,"left"
20.48948948948949,-7.184900580135362,0.43837918247822477,"left"
20.54854854854855,-7.195853912566663,0.4382856151283975,"left"
20.60760760760761,-7.206714892810141,0.43819945726021403,"left"
20.666666666666668,-7.217483697863849,0.43812105779673227,"left"
20.725725725725727,-7.228160507684316,0.43805077179660423,"left"
20.784784784784783,-7.238745505169141,0.4379889604602302,"left"
20.843843843843842,-7.249238876139137,0.43793599113026144,"left"
20.902902902902902,-7.259640809320243,0.4378922372872079,"left"
20.96196196196196,-7.269951496324546,0.43785807854115216,"left"
21.02102102102102,-7.280171131632897,0.4378339006165647,"left"
21.08008008008008,-7.290299912575482,0.437820095333507,"left"
21.13913913913914,-7.300338039314087,0.4378170605805651,"left"
21.1981981981982,-7.310285714822757,0.4378252002862438,"left"
21.25725725725726,-7.3201431448693315,0.43784492437900613,"left"
21.316316316316318,-7.329910537996462,0.43787664874594034,"left"
21.375375375375377,-7.339588105502101,0.4379207951808292,"left"
21.434434434434433,-7.34917606142147,0.437977791329584,"left"
21.493493493493492,-7.358674622506254,0.43804807062506046,"left"
21.55255255255255,-7.3680840082070675,0.43813207221819267,"left"
21.61161161161161,-7.377404440652353,0.4382302408997296,"left"
21.67067067067067,-7.386636144630027,0.43834302701530703,"left"
21.72972972972973,-7.395779347567026,0.43847088637368825,"left"
21.78878878878879,-7.404834279510411,0.438614280146852,"left"
21.84784784784785,-7.413801173106674,0.4387736747614758,"left"
21.906906906906908,-7.422680263582515,0.43894954178485707,"left"
21.965965965965967,-7.431471788724333,0.439142357800227,"left"
22.025025025025027,-7.440175988858631,0.4393526042759499,"left"
22.084084084084083,-7.448793106831187,0.4395807674254722,"left"
22.143143143143142,-7.4573233879875795,0.4398273380591095,"left"
22.2022022022022,-7.465767080152383,0.44009281142901663,"left"
22.26126126126126,-7.474124433608558,0.4403776870634998,"left"
22.32032032032032,-7.48239570107756,0.44068246859446064,"left"
22.37937937937938,-7.490581137698125,0.4410076635769628,"left"
22.43843843843844,-7.4986810010057665,0.44135378329864533,"left"
22.4974974974975,-7.50669555091227,0.4417213425832765,"left"
22.556556556556558,-7.514625049685248,0.442110859584217,"left"
22.615615615615617,-7.522469761925955,0.4425228555710133,"left"
22.674674674674673,-7.530229954549408,0.4429578547073422,"left"
22.733733733733732,-7.537905896763717,0.44341638382045173,"left"
22.792792792792792,-7.545497860047539,0.4438989721656017,"left"
22.85185185185185,-7.553006118130363,0.44440615118006355,"left"
22.91091091091091,-7.560430946970198,0.4449384542310551,"left"
22.96996996996997,-7.567772624733492,0.4454964163568867,"left"
23.02902902902903,-7.575031431772353,0.4460805740016006,"left"
23.08808808808809,-7.58220765060469,0.4466914647418039,"left"
23.147147147147148,-7.589301565891204,0.44732962700786827,"left"
23.206206206206208,-7.596313464415197,0.44799559980174125,"left"
23.265265265265267,-7.603243635060264,0.44868992240445754,"left"
23.324324324324323,-7.610092368789101,0.4494131340830619,"left"
23.383383383383382,-7.616859958621126,0.4501657737910458,"left"
23.44244244244244,-7.623546699611858,0.45094837986392333,"left"
23.5015015015015,-7.630152888830003,0.45176148971251073,"left"
23.56056056056056,-7.636678825336703,0.4526056395117362,"left"
23.61961961961962,-7.64312481016306,0.4534813638883514,"left"
23.67867867867868,-7.649491146287988,0.454389195602869,"left"
23.73773773773774,-7.655778138616957,0.4553296652349899,"left"
23.796796796796798,-7.6619860939600555,0.4563033008635199,"left"
23.855855855855857,-7.668115321008961,0.457310627747186,"left"
23.914914914914913,-7.674166130316039,0.4583521680057354,"left"
23.973973973973973,-7.6801388342717845,0.45942844030160934,"left"
24.033033033033032,-7.686033747082393,0.46053995952235977,"left"
24.09209209209209,-7.691851184748546,0.4616872364649596,"left"
24.15115115115115,-7.697591465042074,0.4628707775233221,"left"
24.21021021021021,-7.703254907484783,0.46409108437636254,"left"
24.26926926926927,-7.708841833325333,0.4653486536834597,"left"
24.32832832832833,-7.714352565517966,0.46664397678057307,"left"
24.38738738738739,-7.719787428699251,0.46797753938404973,"left"
24.446446446446448,-7.7251467491663,0.46934982129696406,"left"
24.505505505505507,-7.7304308548546645,0.4707612961243547,"left"
24.564564564564563,-7.73564007531546,0.47221243099272336,"left"
24.623623623623622,-7.740774741693538,0.4737036862782098,"left"
24.68268268268268,-7.745835186704524,0.47523551534176606,"left"
24.74174174174174,-7.750821744613314,0.47680836427189327,"left"
24.8008008008008,-7.755734751210583,0.478422671638023,"left"
24.85985985985986,-7.7605745437914075,0.480078868250915,"left"
24.91891891891892,-7.765341461132144,0.4817773769333883,"left"
24.97797797797798,-7.770035843468512,0.4835186123021999,"left"
25.037037037037038,-7.77465803247287,0.48530298055866755,"left"
25.096096096096097,-7.779208371231847,0.4871308792910803,"left"
25.155155155155157,-7.783687204223827,0.4890026972879641,"left"
25.214214214214213,-7.788094877297003,0.49091881436259177,"left"
25.273273273273272,-7.792431737646415,0.49287960119021446,"left"
25.33233233233233,-7.796698133791463,0.4948854191550228,"left"
25.39139139139139,-7.800894415554089,0.49693662021228024,"left"
25.45045045045045,-7.8050209340359205,0.49903354675908684,"left"
25.50950950950951,-7.809078041596009,0.5011765315211555,"left"
25.56856856856857,-7.813066091827957,0.5033658974495889,"left"
25.62762762762763,-7.816985439538681,0.5056019576311317,"left"
25.686686686686688,-7.820836440724649,0.5078850152105038,"left"
25.745745745745747,-7.824619452550595,0.5102153633262226,"left"
25.804804804804803,-7.828334833326541,0.5125932850570559,"left"
25.863863863863862,-7.831982942485818,0.5150190533834268,"left"
25.922922922922922,-7.835564140562414,0.5174929311578665,"left"
25.98198198198198,-7.839078789169354,0.5200151710909195,"left"
26.04104104104104,-7.842527250975068,0.5225860157459608,"left"
26.1001001001001,-7.8459098896828925,0.5252056975478339,"left"
26.15915915915916,-7.849227070007541,0.5278744388010752,"left"
26.21821821821822,-7.852479157653469,0.530592451721431,"left"
26.27727727727728,-7.855666519292542,0.5333599384755529,"left"
26.336336336336338,-7.858789522541618,0.5361770912340443,"left"
26.395395395395397,-7.861848535941182,0.5390440922324073,"left"
26.454454454454453,-7.864843928932419,0.5419611138427592,"left"
26.513513513513512,-7.867776071835782,0.5449283186547104,"left"
26.57257257257257,-7.8706453358283275,0.547945859566172,"left"
26.63163163163163,-7.873452092922414,0.5510138798815801,"left"
26.69069069069069,-7.876196715943453,0.5541325134179822,"left"
26.74974974974975,-7.878879578507495,0.5573018846213275,"left"
26.80880880880881,-7.881501055000622,0.5605221086868518,"left"
26.86786786786787,-7.884061520555751,0.5637932916885098,"left"
26.926926926926928,-7.886561351031294,0.5671155307147179,"left"
26.985985985985987,-7.8890009229900295,0.5704889140087925,"left"
27.045045045045047,-7.8913806136764615,0.573913521116065,"left"
27.104104104104103,-7.893700800995862,0.577389423035822,"left"
27.163163163163162,-7.895961863491901,0.5809166823776981,"left"
27.22222222222222,-7.898164180326201,0.5844953535220749,"left"
27.28128128128128,-7.9003081312557795,0.5881254827849969,"left"
27.34034034034034,-7.902394096611748,0.5918071085854403,"left"
27.3993993993994,-7.904422457278787,0.5955402616160788,"left"
27.45845845845846,-7.9063935946726405,0.5993249650164681,"left"
27.51751751751752,-7.90830789071951,0.603161234547896,"left"
27.576576576576578,-7.910165727834188,0.6070490787709751,"left"
27.635635635635637,-7.911967488899571,0.6109884992228883,"left"
27.694694694694693,-7.91371355724542,0.6149794905968955,"left"
27.753753753753752,-7.915404316626769,0.6190220409224332,"left"
27.812812812812812,-7.917040151203511,0.6231161317443763,"left"
27.87187187187187,-7.918621445518805,0.6272617383036624,"left"
27.93093093093093,-7.920148584478928,0.6314588297154713,"left"
27.98998998998999,-7.921621953331829,0.6357073691498097,"left"
28.04904904904905,-7.923041937646807,0.6400073140077713,"left"
28.10810810810811,-7.924408923293638,0.644358616099073,"left"
28.167167167167168,-7.925723296421732,0.6487612218170081,"left"
28.226226226226228,-7.926985443440304,0.6532150723115775,"left"
28.285285285285287,-7.928195750996903,0.6577201036613184,"left"
28.344344344344343,-7.929354605957859,0.6622762470424288,"left"
28.403403403403402,-7.930462395387377,0.6668834288964496,"left"
28.46246246246246,-7.931519506527523,0.6715415710936746,"left"
28.52152152152152,-7.932526326778302,0.6762505910964794,"left"
28.58058058058058,-7.933483243677263,0.6810104021175076,"left"
28.63963963963964,-7.934390644878893,0.6858209132762904,"left"
28.6986986986987,-7.935248918136012,0.6906820297522921,"left"
28.75775775775776,-7.9360584512785275,0.695593652935343,"left"
28.816816816816818,-7.936819632194713,0.7005556805717447,"left"
28.875875875875877,-7.93753284881076,0.7055680069089801,"left"
28.934934934934933,-7.938198489071758,0.7106305228344533,"left"
28.993993993993993,-7.938816940921408,0.7157431160132076,"left"
29.053053053053052,-7.939388592283131,0.7209056710212831,"left"
29.11211211211211,-7.939913831040854,0.7261180694746533,"left"
29.17117117117117,-7.940393045018969,0.7313801901561676,"left"
29.23023023023023,-7.940826621963759,0.7366919091378136,"left"
29.28928928928929,-7.9412149495244835,0.7420530999002006,"left"
29.34834834834835,-7.9415584152333585,0.7474636334475544,"left"
29.40740740740741,-7.941857406487647,0.7529233784204042,"left"
29.466466466466468,-7.942112310530626,0.7584322012033697,"left"
29.525525525525527,-7.942323514432215,0.7639899660305004,"left"
29.584584584584583,-7.942491405070888,0.7695965350866409,"left"
29.643643643643642,-7.942616369115346,0.7752517686054583,"left"
29.7027027027027,-7.942698793005417,0.7809555249638639,"left"
29.76176176176176,-7.9427390629339625,0.7867076607731484,"left"
29.82082082082082,-7.942737564828696,0.7925080309677056,"left"
29.87987987987988,-7.94269468433411,0.7983564888879094,"left"
29.93893893893894,-7.942610806793078,0.8042528863633172,"left"
29.997997997998,-7.94248631722913,0.810197073789626,"left"
30.057057057057058,-7.942321600328625,0.8161889002042305,"left"
30.116116116116117,-7.942117040422926,0.8222282133583185,"left"
30.175175175175177,-7.941873021470047,0.8283148597857578,"left"
30.234234234234233,-7.941589927038788,0.8344486848692748,"left"
30.293293293293292,-7.941268140289346,0.8406295329040475,"left"
30.35235235235235,-7.940908043957287,0.8468572471578089,"left"
30.41141141141141,-7.940510020335856,0.8531316699289291,"left"
30.47047047047047,-7.940074451258444,0.8594526426017507,"left"
30.52952952952953,-10.803749390197492,0.8491606236399202,"right"
30.58858858858859,-10.802105767418697,0.843082586542767,"right"
30.64764764764765,-10.800477413813056,0.8370477199586103,"right"
30.706706706706708,-10.798864451387635,0.8310561939336497,"right"
30.765765765765767,-10.797267001847597,0.8251081778138882,"right"
30.824824824824823,-10.795685186588383,0.8192038401956425,"right"
30.883883883883883,-10.794119126689289,0.8133433488728322,"right"
30.942942942942942,-10.79256894290629,0.8075268707819321,"right"
31.002002002002,-10.791034755665425,0.8017545719445177,"right"
31.06106106106106,-10.789516685056036,0.7960266174064895,"right"
31.12012012012012,-10.788014850823487,0.7903431711753994,"right"
31.17917917917918,-10.786529372362985,0.7847043961541995,"right"
31.23823823823824,-10.785060368711974,0.7791104540725557,"right"
31.2972972972973,-10.783607958543861,0.7735615054148017,"right"
31.356356356356358,-10.782172260161499,0.768057709345216,"right"
31.415415415415417,-10.780753391488805,0.7625992236300182,"right"
31.474474474474473,-10.779351470065858,0.7571862045563431,"right"
31.533533533533532,-10.777966613041158,0.7518188068478581,"right"
31.59259259259259,-10.776598937164612,0.7464971835771875,"right"
31.65165165165165,-10.77524855878079,0.7412214860748222,"right"
31.71071071071071,-10.773915593822935,0.7359918638354261,"right"
31.76976976976977,-10.772600157805304,0.7308084644193803,"right"
31.82882882882883,-10.771302365816421,0.7256714333525284,"right"
31.88788788788789,-10.770022332512688,0.7205809140210858,"right"
31.946946946946948,-10.768760172111495,0.7155370475637906,"right"
32.006006006006004,-10.767515998384354,0.710539972760428,"right"
32.06506506506506,-10.766289924650383,0.7055898259166287,"right"
32.12412412412412,-10.765082063768986,0.700686740745505,"right"
32.18318318318318,-10.763892528134033,0.6958308482449088,"right"
32.24224224224224,-10.762721429666072,0.6910222765728848,"right"
32.3013013013013,-10.761568879806664,0.6862611509173668,"right"
32.36036036036036,-10.760434989511023,0.681547593364431,"right"
32.41941941941942,-10.759319869241459,0.6768817227617713,"right"
32.47847847847848,-10.758223628960987,0.6722636545792736,"right"
32.53753753753754,-10.757146378125995,0.6676935007666397,"right"
32.5965965965966,-10.756088225680589,0.6631713696068521,"right"
32.65565565565566,-10.755049280048919,0.6586973655670548,"right"
32.71471471471472,-10.7540296491294,0.6542715891467349,"right"
32.773773773773776,-10.753029440287769,0.6498941367215045,"right"
32.832832832832835,-10.752048760350391,0.6455651003857095,"right"
32.891891891891895,-10.751087715597658,0.6412845677906175,"right"
32.950950950950954,-10.75014641175785,0.6370526219821168,"right"
33.010010010010014,-10.749224954000226,0.6328693412333429,"right"
33.069069069069066,-10.748323446928765,0.6287347988770093,"right"
33.128128128128125,-10.747441994575203,0.6246490631352786,"right"
33.187187187187185,-10.746580700393125,0.6206121969469,"right"
33.246246246246244,-10.745739667251112,0.6166242577936255,"right"
33.3053053053053,-10.744918997426481,0.6126852975242779,"right"
33.36436436436436,-10.744118792598668,0.6087953621787429,"right"
33.42342342342342,-10.743339153843365,0.6049544918100366,"right"
33.48248248248248,-10.742580181625307,0.6011627203056156,"right"
33.54154154154154,-10.74184197579239,0.5974200752097731,"right"
33.6006006006006,-10.741124635569516,0.5937265775436272,"right"
33.65965965965966,-10.740428259551816,0.5900822416273613,"right"
33.71871871871872,-10.739752945698658,0.5864870749020233,"right"
33.77777777777778,-10.739098791327455,0.5829410777525407,"right"
33.83683683683684,-10.738465893107069,0.5794442433315844,"right"
33.8958958958959,-10.737854347051593,0.5759965573857244,"right"
33.95495495495496,-10.737264248514894,0.5725979980832021,"right"
34.014014014014016,-10.736695692183416,0.56924853584441,"right"
34.073073073073076,-10.736148772070655,0.5659481331738718,"right"
34.132132132132135,-10.735623581510682,0.5626967444979057,"right"
34.191191191191194,-10.73512021315263,0.5594943160037152,"right"
34.250250250250254,-10.734638758954047,0.5563407854834578,"right"
34.309309309309306,-10.73417931017471,0.553236082182424,"right"
34.368368368368365,-10.733741957371652,0.5501801266532808,"right"
34.427427427427425,-10.733326790391786,0.5471728306138051,"right"
34.486486486486484,-10.732933898367124,0.5442140968117093,"right"
34.545545545545544,-10.732563369707837,0.5413038188957968,"right"
34.6046046046046,-10.732215292097585,0.5384418812929036,"right"
34.66366366366366,-10.731889752486126,0.5356281590921766,"right"
34.72272272272272,-10.731586837085022,0.5328625179383445,"right"
34.78178178178178,-10.7313066313604,0.53014481392969,"right"
34.84084084084084,-10.731049220028403,0.5274748935286488,"right"
34.8998998998999,-10.730814687048778,0.5248525934765219,"right"
34.95895895895896,-10.73060311561919,0.5222777407217816,"right"
35.01801801801802,-10.730414588169674,0.5197501523537833,"right"
35.07707707707708,-10.730249186357158,0.5172696355499844,"right"
35.13613613613614,-10.730106991059413,0.5148359875303335,"right"
35.1951951951952,-10.72998808236983,0.512448995523998,"right"
35.254254254254256,-10.729892539591608,0.5101084367461427,"right"
35.313313313313316,-10.72982044123263,0.50781407838592,"right"
35.372372372372375,-10.729771864999918,0.5055656776055293,"right"
35.431431431431434,-10.729746887793429,0.5033629815509421,"right"
35.490490490490494,-10.729745585701785,0.5012057273745048,"right"
35.549549549549546,-10.729768033996274,0.4990936422687019,"right"
35.608608608608606,-10.729814307125622,0.49702644351281045,"right"
35.667667667667665,-10.72988447871048,0.4950038385303274,"right"
35.726726726726724,-10.729978621538793,0.49302552496056185,"right"
35.785785785785784,-10.730096807559853,0.4910911907391112,"right"
35.84484484484484,-10.730239107879713,0.48920051419432037,"right"
35.9039039039039,-10.730405592755726,0.48735316415206437,"right"
35.96296296296296,-10.730596331591588,0.4855488000562483,"right"
36.02202202202202,-10.730811392931985,0.4837870720977295,"right"
36.08108108108108,-10.731050844457906,0.4820676213567081,"right"
36.14014014014014,-10.731314752981788,0.4803900799569006,"right"
36.1991991991992,-10.731603184442244,0.47875407123078617,"right"
36.25825825825826,-10.731916203899276,0.47715920989511,"right"
36.31731731731732,-10.732253875529182,0.4756051022382729,"right"
36.37637637637638,-10.732616262620446,0.4740913463173618,"right"
36.43543543543544,-10.73300342756825,0.47261753216635694,"right"
36.4944944944945,-10.733415431870123,0.47118324201292255,"right"
36.553553553553556,-10.733852336121238,0.4697880505054174,"right"
36.612612612612615,-10.73431420000953,0.46843152494880913,"right"
36.671671671671675,-10.734801082311451,0.46711322554818,"right"
36.730730730730734,-10.735313040887231,0.46583270566151563,"right"
36.789789789789786,-10.735850132676156,0.464589512059417,"right"
36.848848848848846,-10.73641241369294,0.46338318519147537,"right"
36.907907907907905,-10.736999939022013,0.4622132594605462,"right"
36.966966966966964,-10.73761276281457,0.4610792635000167,"right"
37.026026026026024,-10.738250938283075,0.4599807204606621,"right"
37.08508508508508,-10.738914517697566,0.4589171482987355,"right"
37.14414414414414,-10.73960355238153,0.4578880600701555,"right"
37.2032032032032,-10.740318092707604,0.4568929642277587,"right"
37.26226226226226,-10.741058188093032,0.45593136492215297,"right"
37.32132132132132,-10.741823886996313,0.4550027623039902,"right"
37.38038038038038,-10.742615236912613,0.4541066528298531,"right"
37.43943943943944,-10.743432284369952,0.4532425295688206,"right"
37.4984984984985,-10.744275074925634,0.45240988250822495,"right"
37.55755755755756,-10.7451436531614,0.4516081988628948,"right"
37.61661661661662,-10.746038062680997,0.4508369633811817,"right"
37.67567567567568,-10.746958346105082,0.4500956586515186,"right"
37.73473473473474,-10.747904545068206,0.44938376540795694,"right"
37.793793793793796,-10.748876700215016,0.4487007628323358,"right"
37.852852852852855,-10.749874851196564,0.44804612885529893,"right"
37.911911911911915,-10.750899036666718,0.4474193404548043,"right"
37.970970970970974,-10.751949294278766,0.4468198739496801,"right"
38.030030030030034,-10.753025660681665,0.44624720529087636,"right"
38.089089089089086,-10.754128171517289,0.44570081034807685,"right"
38.148148148148145,-10.755256861415821,0.44518016519206594,"right"
38.207207207207205,-10.756411763993732,0.44468474637068717,"right"
38.266266266266264,-10.757592911850084,0.4442140311821879,"right"
38.32532532532532,-10.758800336563233,0.44376749793974785,"right"
38.38438438438438,-10.76003406868709,0.4433446262330967,"right"
38.44344344344344,-10.761294137749317,0.4429448971819212,"right"
38.5025025025025,-10.762580572247359,0.4425677936832157,"right"
38.56156156156156,-10.763893399645685,0.4422128006526162,"right"
38.62062062062062,-10.765232646372894,0.4418794052580327,"right"
38.67967967967968,-10.766598337818786,0.44156709714675546,"right"
38.73873873873874,-10.76799049833145,0.441275368664007,"right"
38.7977977977978,-10.769409151215225,0.44100371506709524,"right"
38.85685685685686,-10.77085431872666,0.4407516347281459,"right"
38.91591591591592,-10.772326022072939,0.44051862933206026,"right"
38.97497497497498,-10.77382428140898,0.4403042040665693,"right"
39.034034034034036,-10.77534911583489,0.44010786780177524,"right"
39.093093093093096,-10.776900543393358,0.43992913326665073,"right"
39.152152152152155,-10.778478581067516,0.43976751721292656,"right"
39.211211211211214,-10.780083244778309,0.4396225405754915,"right"
39.270270270270274,-10.781714549382079,0.43949372862091024,"right"
39.329329329329326,-10.783372508669288,0.43938061109193244,"right"
39.388388388388385,-10.78505713536089,0.4392827223418723,"right"
39.447447447447445,-10.786768441106947,0.4391996014628546,"right"
39.506506506506504,-10.788506436484791,0.43913079240555014,"right"
39.565565565565564,-10.79027113099678,0.43907584409157924,"right"
39.62462462462462,-10.792062533068064,0.4390343105204364,"right"
39.68368368368368,-10.793880650045024,0.43900575086587756,"right"
39.74274274274274,-10.795725488193582,0.43898972956875676,"right"
39.8018018018018,-10.797597052696894,0.43898581642062595,"right"
39.86086086086086,-10.799495347654261,0.4389935866415271,"right"
39.91991991991992,-10.801420376078987,0.43901262095101456,"right"
39.97897897897898,-10.803372139896824,0.43904250563303693,"right"
40.03803803803804,-10.805350639945235,0.4390828325935009,"right"
40.0970970970971,-10.807355875970721,0.439133199413166,"right"
40.15615615615616,-10.809387846628226,0.43919320939420015,"right"
40.21521521521522,-10.811446549479758,0.4392624716002045,"right"
40.274274274274276,-10.813531980992304,0.4393406008911039,"right"
40.333333333333336,-10.815644136537927,0.43942721795420475,"right"
40.392392392392395,-10.817783010391619,0.43952194932735317,"right"
40.451451451451454,-10.819948595730521,0.43962442741863644,"right"
40.510510510510514,-10.822140884632951,0.43973429052200785,"right"
40.569569569569566,-10.824359868077178,0.43985118282729435,"right"
40.628628628628626,-10.82660553594107,0.439974754425343,"right"
40.687687687687685,-10.828877877000375,0.4401046613105311,"right"
40.746746746746744,-10.831176878928783,0.4402405653775632,"right"
40.805805805805804,-10.83350252829663,0.4403821344161331,"right"
40.86486486486486,-10.835854810570831,0.4405290421000196,"right"
40.92392392392392,-10.838233710113672,0.44068096797508893,"right"
40.98298298298298,-10.840639210182413,0.4408375974411906,"right"
41.04204204204204,-10.843071292929443,0.44099862173417087,"right"
41.1011011011011,-10.845529939400784,0.4411637379014537,"right"
41.16016016016016,-10.848015129536869,0.44133264877821243,"right"
41.21921921921922,-10.850526842171368,0.4415050629585925,"right"
41.27827827827828,-10.85306505503151,0.4416806947658566,"right"
41.33733733733734,-10.855629744738089,0.44185926421916444,"right"
41.3963963963964,-10.858220886804336,0.4420404969997344,"right"
41.45545545545546,-10.860838455637538,0.4422241244128891,"right"
41.51451451451452,-10.86348242453761,0.44240988335174436,"right"
41.573573573573576,-10.866152765697732,0.44259751625477883,"right"
41.632632632632635,-10.868849450204943,0.4427867710659265,"right"
41.691691691691695,-10.871572448039835,0.4429774011909014,"right"
41.750750750750754,-10.874321728077112,0.44316916545324503,"right"
41.809809809809806,-10.87709725808558,0.44336182804862,"right"
41.868868868868866,-10.87989900472905,0.4435551584994474,"right"
41.927927927927925,-10.88272693356696,0.4437489316068806,"right"
41.986986986986985,-10.885581009054116,0.44394292740315305,"right"
42.046046046046044,-10.888461194541977,0.44413693110359115,"right"
42.1051051051051,-10.891367452279457,0.4443307330568028,"right"
42.16416416416416,-10.894299743413024,0.4445241286958832,"right"
42.22322322322322,-10.897258027988203,0.44471691848773115,"right"
42.28228228228228,-10.900242264950261,0.44490890788437965,"right"
42.34134134134134,-10.9032524121444,0.4450999072722929,"right"
42.4004004004004,-10.906288426318195,0.4452897319204131,"right"
42.45945945945946,-10.90935026312157,0.445478201933538,"right"
42.51851851851852,-10.912437877108047,0.44566514219949194,"right"
42.57757757757758,-10.915551221736571,0.44585038233981455,"right"
42.63663663663664,-10.918690249372203,0.44603375666164524,"right"
42.6956956956957,-10.921854911287458,0.44621510410630527,"right"
42.75475475475476,-10.925045157664325,0.44639426820263384,"right"
42.813813813813816,-10.928260937594615,0.44657109701700354,"right"
42.872872872872875,-10.931502199082832,0.44674544310643766,"right"
42.931931931931935,-10.934768889046484,0.44691716347162636,"right"
42.990990990990994,-10.938060953318754,0.44708611950926763,"right"
43.050050050050054,-10.941378336649803,0.4472521769679579,"right"
43.109109109109106,-10.94472098270826,0.44741520590139094,"right"
43.168168168168165,-10.948088834083586,0.44757508062564266,"right"
43.227227227227225,-10.951481832287628,0.4477316796744274,"right"
43.286286286286284,-10.954899917756721,0.44788488575790236,"right"
43.34534534534534,-10.958343029854074,0.44803458572025595,"right"
43.4044044044044,-10.961811106870964,0.44818067049941174,"right"
43.46346346346346,-10.965304086030166,0.4483230350875573,"right"
43.52252252252252,-10.968821903486745,0.44846157849233453,"right"
43.58158158158158,-10.972364494331662,0.4485962037001253,"right"
43.64064064064064,-10.97593179259329,0.4487268176391098,"right"
43.6996996996997,-10.979523731240338,0.4488533311440998,"right"
43.75875875875876,-10.98314024218385,0.44897565892352953,"right"
43.81781781781782,-10.98678125628026,0.449093719525329,"right"
43.87687687687688,-10.990446703333335,0.44920743530624124,"right"
43.93593593593594,-10.994136512097892,0.4493167324014162,"right"
43.994994994995,-10.997850610281478,0.4494215406953412,"right"
44.054054054054056,-11.001588924547622,0.4495217937940897,"right"
44.113113113113116,-11.005351380518903,0.44961742899871115,"right"
44.172172172172175,-11.009137902779385,0.4497083872806424,"right"
44.231231231231234,-11.01294841487789,0.44979461325761816,"right"
44.290290290290294,-11.016782839331274,0.44987605517122853,"right"
44.349349349349346,-11.020641097627209,0.4499526648662264,"right"
44.408408408408405,-11.024523110226978,0.4500243977705667,"right"
44.467467467467465,-11.028428796569884,0.4500912128774318,"right"
44.526526526526524,-11.032358075075106,0.4501530727286978,"right"
44.585585585585584,-11.0363108631463,0.450209943398694,"right"
44.64464464464464,-11.040287077173927,0.45026179448121445,"right"
44.7037037037037,-11.044286632540086,0.4503085990761222,"right"
44.76276276276276,-11.048309443620191,0.45035033377934064,"right"
44.82182182182182,-11.052355423788487,0.45038697867235084,"right"
44.88088088088088,-11.056424485420603,0.45041851731475013,"right"
44.93993993993994,-11.060516539897293,0.4504449367369079,"right"
44.998998998999,-11.064631497608392,0.45046622743529113,"right"
45.05805805805806,-11.068769267957187,0.4504823833683961,"right"
45.11711711711712,-11.07292975936317,0.4504934019548005,"right"
45.17617617617618,-11.077112879266911,0.4504992840720124,"right"
45.23523523523524,-11.081318534133823,0.45050003405810296,"right"
45.294294294294296,-11.085546629458266,0.4504956597124477,"right"
45.353353353353356,-11.089797069767409,0.4504861723006393,"right"
45.412412412412415,-11.094069758625709,0.45047158655946845,"right"
45.471471471471475,-11.098364598639204,0.4504519207023349,"right"
45.530530530530534,-11.102681491459197,0.45042719642929757,"right"
45.589589589589586,-11.107020337787974,0.4503974389357987,"right"
45.648648648648646,-11.11138103738137,0.45036267692259846,"right"
45.707707707707705,-11.11576348905498,0.45032294261049705,"right"
45.766766766766764,-11.120167590687242,0.45027827175206303,"right"
45.825825825825824,-11.1245932392254,0.45022870364924505,"right"
45.88488488488488,-11.129040330689138,0.45017428116821573,"right"
45.94394394394394,-11.133508760175532,0.45011505075933034,"right"
46.003003003003,-11.137998421863992,0.45005106247559873,"right"
46.06206206206206,-11.142509209020911,0.4499823699944435,"right"
46.12112112112112,-11.147041014004666,0.4499090306407971,"right"
46.18018018018018,-11.15159372827013,0.4498311054098851,"right"
46.23923923923924,-11.156167242374403,0.4497486589932076,"right"
46.2982982982983,-11.160761445981164,0.44966175980505646,"right"
46.35735735735736,-11.165376227865899,0.4495704800108978,"right"
46.41641641641642,-11.170011475921367,0.4494748955563136,"right"
46.47547547547548,-11.17466707716215,0.44937508619797323,"right"
46.53453453453454,-11.179342917730793,0.44927113553532483,"right"
46.593593593593596,-11.184038882902067,0.4491631310438768,"right"
46.652652652652655,-11.188754857089242,0.4490511641101626,"right"
46.711711711711715,-11.193490723848894,0.44893533006674324,"right"
46.770770770770774,-11.198246365886417,0.4488157282294881,"right"
46.829829829829826,-11.203021665061959,0.44869246193583473,"right"
46.888888888888886,-11.20781650239521,0.44856563858365445,"right"
46.947947947947945,-11.21263075807172,0.44843536967154124,"right"
47.007007007007005,-11.217464311448238,0.4483017708408615,"right"
47.066066066066064,-11.222317041058561,0.44816496191727384,"right"
47.12512512512512,-11.22718882461881,0.44802506695512695,"right"
47.18418418418418,-11.232079539033647,0.4478822142807912,"right"
47.24324324324324,-11.236989060402328,0.4477365365392668,"right"
47.3023023023023,-11.241917264023854,0.44758817073946644,"right"
47.36136136136136,-11.24686402440396,0.4474372583009746,"right"
47.42042042042042,-11.251829215260054,0.44728394510380093,"right"
47.47947947947948,-11.25681270952749,0.44712838153473666,"right"
47.53853853853854,-11.26181437936682,0.44697072253755576,"right"
47.5975975975976,-11.266834096167791,0.446811127662936,"right"
47.65665665665666,-11.271871730557502,0.4466497611188594,"right"
47.71571571571572,-11.27692715240555,0.4464867918217904,"right"
47.77477477477478,-11.282000230830526,0.4463223934474,"right"
47.833833833833836,-11.28709083420637,0.4461567444825116,"right"
47.892892892892895,-11.292198830168507,0.4459900282777643,"right"
47.951951951951955,-11.297324085620815,0.44582243309951214,"right"
48.011011011011014,-11.30246646674125,0.44565415218151205,"right"
48.070070070070074,-11.307625838989358,0.4454853837781792,"right"
48.129129129129126,-11.31280206711163,0.44531633121731323,"right"
48.188188188188185,-11.31799501514878,0.4451472029511799,"right"
48.247247247247245,-11.323204546442293,0.4449782126097745,"right"
48.306306306306304,-11.328430523641094,0.44480957905174895,"right"
48.36536536536536,-11.333672808708,0.4446415264163914,"right"
48.42442442442442,-11.338931262926238,0.4444742841740767,"right"
48.48348348348348,-11.344205746907356,0.44430808717617687,"right"
48.54254254254254,-11.349496120596255,0.4441431757056417,"right"
48.6016016016016,-11.354802243280027,0.4439797955239905,"right"
48.66066066066066,-11.360123973593037,0.4438181979206163,"right"
48.71971971971972,-11.365461169524895,0.44365863975751085,"right"
48.77877877877878,-11.370813688427196,0.4435013835156273,"right"
48.83783783783784,-11.376181387020315,0.4433466973387933,"right"
48.8968968968969,-11.38156412140104,0.44319485507543166,"right"
48.95595595595596,-11.386961747048558,0.44304613631962586,"right"
49.01501501501502,-11.392374118832544,0.4429008264493137,"right"
49.074074074074076,-11.397801091020021,0.4427592166645507,"right"
49.133133133133136,-11.403242517282452,0.44262160402034545,"right"
49.192192192192195,-11.408698250702917,0.4424882914606576,"right"
49.251251251251254,-11.414168143783407,0.44235958784776425,"right"
49.310310310310314,-11.41965204845191,0.4422358079894065,"right"
49.369369369369366,-11.425149816070354,0.4421172726638834,"right"
49.428428428428425,-11.430661297441182,0.44200430864100554,"right"
49.487487487487485,-11.436186342815216,0.4418972487016047,"right"
49.546546546546544,-11.441724801899053,0.44179643165099847,"right"
49.605605605605604,-11.447276523861769,0.4417022023318663,"right"
49.66466466466466,-11.452841357343639,0.441614911631415,"right"
49.72372372372372,-11.458419150462422,0.4415349164866805,"right"
49.78278278278278,-11.464009750821772,0.44146257988138715,"right"
49.84184184184184,-11.469613005518555,0.44139827084471056,"right"
49.9009009009009,-11.475228761149785,0.44134236444098646,"right"
49.95995995995996,-11.480856863821334,0.4412952417552373,"right"
50.01901901901902,-11.486497159154707,0.44125728987627255,"right"
50.07807807807808,-11.492149492295086,0.44122890187199837,"right"
50.13713713713714,-11.497813707918905,0.4412104767610752,"right"
50.1961961961962,-11.503489650241766,0.44120241947800914,"right"
50.25525525525526,-11.509177163025582,0.441205140834015,"right"
50.314314314314316,-11.514876089587618,0.4412190574699689,"right"
50.373373373373376,-11.52058627280636,0.44124459180572706,"right"
50.432432432432435,-11.526307555131245,0.44128217198149083,"right"
50.491491491491495,-11.532039778589176,0.44133223179244474,"right"
50.550550550550554,-11.537782784793302,0.4413952106192814,"right"
50.609609609609606,-11.543536414950138,0.44147155334902455,"right"
50.668668668668666,-11.54930050986791,0.44156171029077484,"right"
50.727727727727725,-11.555074909964349,0.44166613708379837,"right"
50.786786786786784,-11.560859455274626,0.4417852945982856,"right"
50.845845845845844,-11.566653985459466,0.4419196488296634,"right"
50.9049049049049,-11.572458339812925,0.4420696707839445,"right"
50.96396396396396,-11.57827235727038,0.4422358363570456,"right"
51.02302302302302,-11.584095876416901,0.4424186262050693,"right"
51.08208208208208,-11.589928735494885,0.44261852560818316,"right"
51.14114114114114,-11.595770772412218,0.44283602432566765,"right"
51.2002002002002,-11.601621824750605,0.44307161644306037,"right"
51.25925925925926,-11.607481729773124,0.4433258002125638,"right"
51.31831831831832,-11.613350324433055,0.44359907788376285,"right"
51.37737737737738,-11.619227445381233,0.44389195552870686,"right"
51.43643643643644,-11.625112928975092,0.4442049428555912,"right"
51.4954954954955,-11.631006611285553,0.44453855301868417,"right"
51.55455455455456,-11.636908328106452,0.4448933024173353,"right"
51.613613613613616,-11.642817914962015,0.44526971048803776,"right"
51.672672672672675,-11.64873520711528,0.4456682994900733,"right"
51.731731731731735,-11.654660039575989,0.4460895942813051,"right"
51.790790790790794,-11.660592247109404,0.4465341220894831,"right"
51.849849849849846,-11.666531664243871,0.44700241227268084,"right"
51.908908908908906,-11.672478125279405,0.44749499607605575,"right"
51.967967967967965,-11.678431464295995,0.44801240638038475,"right"
52.027027027027025,-11.684391515161682,0.44855517744426193,"right"
52.086086086086084,-11.690358111540453,0.44912384463818295,"right"
52.14514514514514,-11.696331086901855,0.44971894417697256,"right"
52.2042042042042,-11.702310274527402,0.4503410128404346,"right"
52.26326326326326,-11.708295507520132,0.4509905876953696,"right"
52.32232232232232,-11.714286618812666,0.45166820580615535,"right"
52.38138138138138,-11.720283441175503,0.45237440394592016,"right"
52.44044044044044,-11.726285807224569,0.4531097183006525,"right"
52.4994994994995,-11.732293549430898,0.4538746841690121,"right"
52.55855855855856,-11.738306500127742,0.45466983566200797,"right"
52.61761761761762,-11.744324491519633,0.4554957053957249,"right"
52.67667667667668,-11.750347355690048,0.4563528241859102,"right"
52.73573573573574,-11.756374924610434,0.45724172073656316,"right"
52.7947947947948,-11.762407030147987,0.4581629213302583,"right"
52.853853853853856,-11.768443504074167,0.4591169495162604,"right"
52.912912912912915,-11.774484178073,0.4601043257995835,"right"
52.971971971971975,-11.780528883749485,0.4611255673273971,"right"
53.031031031031034,-11.786577452637681,0.4621811875812549,"right"
53.090090090090094,-11.79262971620946,0.463271696066065,"right"
53.149149149149146,-11.798685505882151,0.46439759800324115,"right"
53.208208208208205,-11.804744653027782,0.46555939402750807,"right"
53.267267267267265,-11.810806988980138,0.4667575798842947,"right"
53.326326326326324,-11.816872345044782,0.4679926461335888,"right"
53.38538538538538,-11.82294055250537,0.4692650778562346,"right"
53.44444444444444,-11.829011442633456,0.47057535436674597,"right"
53.5035035035035,-11.835084846696338,0.4719239489306636,"right"
53.56256256256256,-11.8411605959654,0.4733113284884021,"right"
53.62162162162162,-11.84723852172383,0.47473795338530483,"right"
53.68068068068068,-11.853318455275744,0.4762042771102537,"right"
53.73973973973974,-11.859400227954165,0.4777107460406584,"right"
53.7987987987988,-11.865483671129118,0.4792577991956387,"right"
53.85785785785786,-11.871568616215722,0.4808458679989249,"right"
53.91691691691692,-11.877654894683033,0.48247537605068125,"right"
53.97597597597598,-11.88374233806182,0.4841467389074638,"right"
54.03503503503504,-11.889830777953222,0.4858603638740955,"right"
54.094094094094096,-11.895920046036295,0.4876166498052597,"right"
54.153153153153156,-11.90200997407662,0.489415986916775,"right"
54.212212212212215,-11.908100393934683,0.49125875660924223,"right"
54.271271271271274,-11.914191137574145,0.49314533130187077,"right"
54.330330330330334,-11.920282037068963,0.4950760742795232,"right"
54.389389389389386,-11.92637292461314,0.49705133954886827,"right"
54.448448448448445,-11.93246363252733,0.49907147170885413,"right"
54.507507507507505,-11.938553993268263,0.501136805831732,"right"
54.566566566566564,-11.944643839436214,0.5032476673573019,"right"
54.625625625625624,-11.95073300378309,0.5054043719985178,"right"
54.68468468468468,-11.956821319220643,0.5076072256594486,"right"
54.74374374374374,-11.962908618828486,0.5098565243669928,"right"
54.8028028028028,-11.968994735862431,0.5121525542113415,"right"
54.86186186186186,-11.975079503761872,0.5144955913033011,"right"
54.92092092092092,-11.981162756158705,0.5168859017392742,"right"
54.97997997997998,-11.98724432688462,0.5193237415817401,"right"
55.03903903903904,-11.99332404997937,0.521809356848183,"right"
55.0980980980981,-11.999401759698612,0.5243429835146769,"right"
55.15715715715716,-12.005477290522007,0.5269248475284445,"right"
55.21621621621622,-12.011550477161366,0.5295551648329037,"right"
55.27527527527528,-12.017621154567527,0.5322341414035245,"right"
55.334334334334336,-12.023689157939684,0.5349619732924522,"right"
55.393393393393396,-12.029754322732297,0.5377388466860569,"right"
55.452452452452455,-12.035816484663247,0.5405649379702999,"right"
55.511511511511515,-12.041875479721348,0.5434404138059367,"right"
55.570570570570574,-12.04793114417483,0.5463654312138508,"right"
55.629629629629626,-12.053983314578112,0.5493401376678727,"right"
55.688688688688686,-12.060031827780653,0.5523646711965042,"right"
55.747747747747745,-12.066076520933835,0.5554391604928137,"right"
55.806806806806804,-12.072117231498918,0.5585637250313589,"right"
55.865865865865864,-12.078153797254894,0.5617384751917537,"right"
55.92492492492492,-12.084186056305832,0.5649635123908554,"right"
55.98398398398398,-12.090213847088762,0.568238929217929,"right"
56.04304304304304,-12.096237008381204,0.57156480957847,"right"
56.1021021021021,-12.102255379308696,0.5749412288420547,"right"
56.16116116116116,-12.108268799352143,0.5783682539947378,"right"
56.22022022022022,-12.11427710835558,0.5818459437966772,"right"
56.27927927927928,-12.120280146533613,0.5853743489431374,"right"
56.33833833833834,-12.126277754479023,0.5889535122296065,"right"
56.3973973973974,-12.132269773169462,0.5925834687188565,"right"
56.45645645645646,-12.138256043975888,0.5962642459131428,"right"
56.51551551551552,-12.144236408669252,0.5999958639255382,"right"
56.57457457457458,-12.15021070942815,0.6037783356557527,"right"
56.633633633633636,-12.156178788845567,0.6076116669663909,"right"
56.692692692692695,-12.162140489936803,0.6114958568604199,"right"
56.751751751751755,-12.16809565614627,0.6154308976599271,"right"
56.810810810810814,-12.17404413135532,0.6194167751846812,"right"
56.869869869869866,-12.179985759888117,0.6234534689314252,"right"
56.928928928928926,-12.185920386520353,0.6275409522527003,"right"
56.987987987987985,-12.191847856485179,0.6316791925346416,"right"
57.047047047047045,-12.197768015480944,0.6358681513762319,"right"
57.106106106106104,-12.203680709677677,0.6401077847642255,"right"
57.16516516516516,-12.209585785724496,0.6443980432492334,"right"
57.22422422422422,-12.215483090756384,0.6487388721192009,"right"
57.28328328328328,-12.221372472401189,0.6531302115720773,"right"
57.34234234234234,-12.227253778786428,0.6575719968852183,"right"
57.4014014014014,-12.233126858546088,0.662064158583271,"right"
57.46046046046046,-12.238991560827587,0.6666066226045625,"right"
57.51951951951952,-12.244847735298556,0.671199310462926,"right"
57.57857857857858,-12.250695232153332,0.6758421394088563,"right"
57.63763763763764,-12.256533902119768,0.6805350225870039,"right"
57.6966966966967,-12.26236359646603,0.6852778691905843,"right"
57.75575575575576,-12.268184167007124,0.6900705846128381,"right"
57.81481481481482,-12.273995466111144,0.6949130705958892,"right"
57.873873873873876,-12.27979734670644,0.6998052253754591,"right"
57.932932932932935,-12.285589662287522,0.704746943823016,"right"
57.991991991991995,-12.291372266921838,0.7097381175845761,"right"
58.051051051051054,-12.297145015256284,0.7147786352148632,"right"
58.110110110110114,-12.302907762522866,0.7198683823099002,"right"
58.169169169169166,-12.30866036454603,0.7250072416344909,"right"
58.228228228228225,-12.31440267774831,0.7301950932471931,"right"
58.287287287287285,-12.320134559156653,0.7354318146209541,"right"
58.346346346346344,-12.325855866408359,0.7407172807607026,"right"
58.4054054054054,-12.331566457758244,0.7460513643177561,"right"
58.46446446446446,-12.337266192083476,0.7514339356991159,"right"
58.52352352352352,-12.342954928890327,0.7568648631755724,"right"
58.58258258258258,-12.348632528320099,0.7623440129843807,"right"
58.64164164164164,-12.35429885115507,0.7678712494288814,"right"
58.7007007007007,-12.359953758824442,0.7734464349755371,"right"
58.75975975975976,-12.365597113409896,0.7790694303467472,"right"
58.81881881881882,-12.371228777652105,0.7847400946103723,"right"
58.87787787787788,-12.376848614955955,0.7904582852659686,"right"
58.93693693693694,-12.382456489396711,0.7962238583282067,"right"
58.995995995996,-12.38805226572493,0.8020366684066138,"right"
59.05505505505506,-12.39363580937291,0.8078965687820119,"right"
59.114114114114116,-12.399206986460248,0.8138034114807464,"right"
59.173173173173176,-12.404765663798994,0.81975704734448,"right"
59.232232232232235,-12.410311708899043,0.8257573260984502,"right"
59.291291291291294,-12.415844989974358,0.8318040964160808,"right"
59.350350350350354,-12.42136537594762,0.8378972059805166,"right"
59.409409409409406,-12.426872736455975,0.8440365015439872,"right"
59.468468468468465,-12.432366941856008,0.8502218289843928,"right"
59.527527527527525,-12.437847863229143,0.8564530333590198,"right"
59.586586586586584,-12.443315372387245,0.8627299589556908,"right"
59.645645645645644,-12.448769341877666,0.8690524493417113,"right"
59.7047047047047,-12.454209644987229,0.8754203474099648,"right"
59.76376376376376,-12.459636155748804,0.8818334954234216,"right"
59.82282282282282,-12.465048748945675,0.8882917350567769,"right"
59.88188188188188,-12.470447300116575,0.8947949074355179,"right"
59.94094094094094,-12.475831685560197,0.9013428531744916,"right"
60.0,-12.481201782340413,0.9079354124122284,"right"
